43806|american-basswood-tilia-americana|American Basswood|Tilia americana|Washington|P|197|90|75|306|Champion
43809|american-elm-ulmus-americana|American Elm|Ulmus americana|Mississippi|P|251|112|107|390|Champion
43810|american-holly-ilex-opaca|American Holly|Ilex opaca|White|P|182|57|64|255|Champion
43811|american-hornbeam-carpinus-caroliniana|American Hornbeam|Carpinus caroliniana|Newton|U|27|38|32|73|Champion
43812|american-smoke-tree-cotinus-obovatus|American Smoke-Tree|Cotinus obovatus|Benton|P|188|30|14|222|Champion
43813|american-sycamore-platanus-occidentalis|American Sycamore|Platanus occidentalis|Crittenden|P|337|132|104|495|Champion
43815|arborvitae-thuja-occidentalis|Arborvitae|Thuja occidentalis|Monroe|P|107|34|37|150|Champion
43817|ashe-juniper-juniperus-ashei|Ashe Juniper|Juniperus ashei|Newton|P|72|43|27|122|Champion
43800|baldcypress-native|Baldcypress|Taxodium distichum|Arkansas|L|523|126|76|668|Champion
43837|bitternut-hickory-carya-codiformis|Bitternut Hickory|Carya codiformis|Nevada|P|171|113|122|315|Champion
43838|black-cherry-prunus-serotina|Black Cherry|Prunus serotina|Baxter|P|160|96|66|273|Champion
43839|black-gum-nyssa-sylvatica-co-champion-woodruff-county|Black Gum|Nyssa sylvatica|Woodruff|P|156|86|94|266|Co-champion
43840|black-hickory-carya-texana|Black Hickory|Carya texana|Lonoke|P|98|128|64|242|Champion
43841|black-locust-robinia-pseudoacacia|Black Locust|Robinia pseudoacacia|Washington|P|151|91|65|258|Champion
43842|black-oak-quercus-velutina-tri-champion-independence-county|Black Oak|Quercus velutina|Independence|P|192|94|97|310|Tri-champion
43844|black-oak-quercus-velutina-tri-champion-jackson-county|Black Oak|Quercus velutina|Jackson|?|211|81|101|317|Tri-champion
43843|black-oak-quercus-velutina-tri-champion-washington-county|Black Oak|Quercus velutina|Washington|P|222|73|88|317|Tri-champion
43845|black-walnut-juglans-nigra|Black Walnut|Juglans nigra|Fulton|P|198|84|98|308|Co-champion
54799|black-walnut-juglans-nigra-co-champion-washington-county|Black Walnut|Juglans nigra|Washington|P|205|80|114|314|Co-champion
43846|black-willow-salix-nigra|Black Willow|Salix nigra|Montgomery|U|95|63|54|172|Champion
43849|blackgum-nyssa-sylvatica-co-champion-lonoke-co|Blackgum|Nyssa sylvatica|Lonoke|P|145|81|74|245|Co-champion
43848|blackgum-nyssa-sylvatica-co-champion-sharp-co|Blackgum|Nyssa sylvatica|Sharp|P|173|86|62|275|Co-champion
45322|blackjack-oak-quercus-marilandica|Blackjack Oak|Quercus marilandica|Boone|U|118|65|83|204|Champion
43853|blue-ash-fraxinus-quadrangulata|Blue Ash|Fraxinus quadrangulata|Crawford|P|87|80|39|177|Champion
43855|boxelder-acer-negundo|Boxelder|Acer negundo|Stone|P|118|91|67|226|Champion
43856|bur-oak-quercus-macrocarpa-co-champion-washington-county|Bur Oak|Quercus macrocarpa|Washington|?|254|83|89|359|Champion
43858|butternut-juglans-cinerea|Butternut|Juglans cinerea|Newton|P|52|71|49|135|Champion
43875|carolina-buckthorn-frangula-caroliniana|Carolina Buckthorn|Frangula caroliniana|Searcy|P|11|33|14|48|Champion
43877|cedar-lebanon-cedrus-libani|Cedar Lebanon|Cedrus libani|Garland|V|81|40|68|138|Champion
43878|cherrybark-oak-quercus-pagoda|Cherrybark Oak|Quercus pagoda|Perry|P|323|124|129|479|Champion
43879|chickasaw-plum-prunus-angustifolia|Chickasaw plum|Prunus angustifolia|Washington|U|9|22|12|25|Champion
43881|43881|China-Fir|Cunninghamia lanceolata|Phillips|P|104|76|46|192|Champion
43880|chinese-chestnut-castanea-mollissima|Chinese Chestnut|Castanea mollissima|Benton|A|98|69|85|188|Champion
43882|chinkapin-oak-quercus-muehlenbergii|Chinkapin Oak|Quercus muehlenbergii|Independence|U|219|87|116|335|Champion
43883|common-persimmon-diospyros-virginiana|Common Persimmon|Diospyros virginiana|Pope|U|100|66|47|178|Champion
43884|common-serviceberry-amelanchier-arborea|Common Serviceberry|Amelanchier arborea|Pope|U|45|43|27|95|Champion
43885|crapemyrtle-lagerstroemia-indica|Crape myrtle|Lagerstroemia indica|Pulaski|P|120|52|51|185|Champion
43886|cucumbertree-magnolia-acuminata|Cucumbertree|Magnolia acuminata|Woodruff|P|176|76|83|273|Champion
43887|dawn-redwood-metasequoia-glyptostroboides|Dawn Redwood|Metasequoia glyptostroboides|Mississippi|?|136|115|70|269|Champion
43888|devils-walking-stick-aralia-spinosa|Devil’s Walking Stick|Aralia spinosa|Newton|U|16|33|19|54|Champion
43889|durand-oak-quercus-durandii|Durand Oak|Quercus durandii|Hempstead|P|116|54|73|188|Champion
43890|eastern-cottonwood-populus-deltoides|Eastern Cottonwood|Populus deltoides||?|432|85|114|546|Champion
43891|eastern-hemlock-tsuga-canadensis|Eastern Hemlock|Tsuga canadensis|Madison|U|129|70|51|212|Champion
43893|eastern-redbud-cercis-canadensis|Eastern Redbud|Cercis canadensis|Faulkner|P|137|24|44|172|Champion
43894|eastern-redcedar-juniperus-virginiana|Eastern Redcedar|Juniperus virginiana|Dallas|P|139|70|44|221|Champion
43895|eastern-white-pine-pinus-strobus|Eastern White Pine|Pinus strobus|Washington|P|104|60|30|172|Champion
43896|english-walnut-juglans-regia|English Walnut|Juglans regia|Lonoke|P|144|45|46|201|Champion
43897|fig-ficus-carica|Fig|Ficus carica|Monroe|P|52|26|36|87|Champion
43898|flowering-dogwood-cornus-florida|Flowering Dogwood|Cornus florida|Benton|?|97|27|28|131|Champion
43899|fringetree-chionanthus-virginicus|Fringetree|Chionanthus virginicus|Newton|U|8|22|12|33|Champion
43900|ginkgo-maidenhair-ginkgo-biloba|Ginkgo (Maidenhair)|Ginkgo biloba|Jefferson|P|223|65|80|308|Champion
43901|green-ash-fraxinus-pennsylvanica-champion-saline-county|Green Ash|Fraxinus pennsylvanica|Saline|P|230|69|78|319|Champion
43903|gum-bumelia-bumelia-lanuginosa|Gum Bumelia|Bumelia lanuginosa|Ouachita|P|80|70|54|164|Champion
43904|hackberry-celtis-occidentalis-co-champion-boone-county|Hackberry|Celtis occidentalis|Boone|P|169|92|66|278|Co-champion
43905|hackberry-celtis-occidentalis-co-champion-washington-county|Hackberry|Celtis occidentalis|Washington|U|162|90|83|273|Co-champion
43909|kentucky-coffeetree-gymnocladus-dioicus|Kentucky Coffeetree|Gymnocladus dioicus|Boone|P|92|98|64|206|Champion
43910|live-oak-quercus-virginiana|Live Oak|Quercus virginiana|Chicot|P|200|55|73|273|Champion
43911|loblolly-pine-pinus-taeda|Loblolly Pine|Pinus taeda|Howard|P|192|144|84|357|Champion
43912|longleaf-pine-pinus-palustris|Longleaf Pine|Pinus palustris|Hot Spring|P|85|52|25|143|Champion
43913|maple-leaf-oak-quercus-acerfolia|Maple Leaf Oak|Quercus acerfolia|Logan|U|36|32|26|75|Champion
43914|mexican-plum-prunus-mexicana|Mexican plum|Prunus mexicana|Union|P|28|36|20|69|Champion
52388|mockernut-hickory-carya-tomentosa-2|Mockernut Hickory|Carya tomentosa|Pulaski|P|52|54|39|116|Champion
54870|northern-catalpa-catalpa-speciosa-co-champion-carroll-county|Northern catalpa|Catalpa speciosa|Carroll|U|180|75|55|269|Co-champion
43917|northern-catalpa-catalpa-speciosa|Northern Catalpa|Catalpa speciosa|Washington|P|175|85|35|269|Co-champion
43919|norway-spruce-picea-abies|Norway Spruce|Picea abies|Washington|P|85|75|36|169|Champion
43920|nutmeg-hickory-carya-myristicaeformis|Nutmeg Hickory|Carya myristicaeformis|Pulaski|U|80|96|60|191|Champion
43922|ohio-buckeye-aesculus-glabra|Ohio Buckeye|Aesculus glabra|Pope|U|25|38|20|68|Champion
43923|oriental-persimmon-diospyros-kaki|Oriental Persimmon|Diospyros kaki|Pulaski|P|21|19|21|45|Champion
43924|osage-orange-maclura-pomifera|Osage-Orange|Maclura pomifera|White|U|216|64|77|299|Champion
43925|overcup-oak-quercus-lyrata|Overcup Oak|Quercus lyrata|Mississippi|U|219|111|112|357|Champion
43926|ozark-chinquapin-castanea-ozarkensis|Ozark Chinquapin|Castanea ozarkensis|Carroll|P|33|43|22|82|Champion
43927|pagoda-dogwood-cornus-alternifolia|Pagoda Dogwood|Cornus alternifolia|Benton|U|11|33|19|49|Champion
43928|pawpaw-asimina-triloba|Pawpaw|Asimina triloba|Jefferson|P|20|32|16|56|Champion
43929|pecan-carya-illinoinensis|Pecan|Carya illinoinensis|Woodruff|P|242|105|108|374|Champion
43930|persian-ironwood-parrotia-persica|Persian Ironwood|Parrotia persica|Pulaski|P|34|28|26|69|Champion
43932|pin-oak-quercus-palustris|Pin Oak|Quercus palustris|Woodruff|P|232|94|126|358|Champion
43933|possumhaw-ilex-decidua|Possumhaw|Ilex decidua|Boone|U|10|24|15|38|Champion
43936|post-oak-quercus-stellata-co-champion-lincoln-county|Post Oak|Quercus stellata|Lincoln|P|209|62|96|295|Co-champion
43935|post-oak-quercus-stellata-co-champion-white-county|Post Oak|Quercus stellata|White|P|222|58|69|297|Co-champion
43937|red-buckeye-aesculus-pavia|Red Buckeye|Aesculus pavia|Pulaski|P|50|23|20|78|Champion
43940|red-mulberry-morus-rubra|Red Mulberry|Morus rubra|Ashley|P|305|75|71|398|Champion
43941|river-birch-betula-nigra|River Birch|Betula nigra|Stone|P|141|91|102|258|Champion
43942|roughleaf-dogwood-cornus-drummondii|Roughleaf Dogwood|Cornus drummondii|Benton|P|13|28|18|46|Champion
43943|sand-post-oak-quercus-margarettae|Sand Post Oak|Quercus margarettae|Clark|P|134|74|84|229|Champion
43944|sassafras-sassafras-albidum|Sassafras|Sassafras albidum|Baxter|P|193|46|64|255|Champion
43945|sawtooth-oak-quercus-acutissima|Sawtooth Oak|Quercus acutissima|White|P|220|84|91|327|Champion
57345|scarlet-oak-quercus-coccinea|Scarlet oak|Quercus coccinea|Greene|P|43|59|35|111|Champion
43946|shagbark-hickory-carya-ovata|Shagbark Hickory|Carya ovata|Lawrence|P|132|95|84|248|Champion
56743|shellbark-hickory|Shellbark Hickory|Carya laciniosa|Lawrence|P|90|69|61|174|Champion
43948|shortleaf-pine-pinus-echinata|Shortleaf Pine|Pinus echinata|Scott|U|123|110|57|247|Champion
43949|shumard-oak-quercus-shumardii|Shumard Oak|Quercus shumardii|Montgomery|U|152|122|87|296|Champion
43950|siberian-elm-ulmus-pumila|Siberian Elm|Ulmus pumila|Benton|?|143|45|29|195|Champion
43951|silver-maple-acer-saccharinum|Silver Maple|Acer saccharinum|Madison|P|207|111|104|344|Champion
43952|slash-pine-pinus-elliottii|Slash Pine|Pinus elliottii|Montgomery|P|86|85|40|181|Champion
43953|slippery-elm-ulmus-rubra|Slippery Elm|Ulmus rubra|Benton|P|171|76|82|268|Champion
43956|southern-catalpa-catalpa-bignonioides|Southern Catalpa|Catalpa bignonioides|Washington|U|252|65|80|337|Champion
43955|southern-catalpa-catalpa-bignonioides-co-champion|Southern Catalpa|Catalpa bignonioides|Hempstead|U|197|63|88|269|Co-champion
43957|southern-magnolia-magnolia-grandiflora|Southern Magnolia|Magnolia grandiflora|Miller|P|235|65|81|320|Champion
43958|southern-red-oak-quercus-falcata|Southern Red Oak|Quercus falcata|Lawrence|P|240|95|114|364|Champion
43959|sparkleberry-tree-vaccinium-arboreum|Sparkleberry Tree|Vaccinium arboreum|Polk|P|19|15|21|39|Champion
52547|sparkleberry-tree|Sparkleberry tree|Vaccinium arboreum|Perry|U|22|20|21|47|Champion
43960|spruce-pine-pinus-glabra|Spruce Pine|Pinus glabra|Dallas|P|113|120|28|240|Champion
43961|staghorn-sumac-rhus-typhina|Staghorn Sumac|Rhus typhina|Crawford|U|18|16|21|39|Champion
43962|sugar-maple-acer-saccharum-co-champion-benton-co|Sugar Maple|Acer saccharum|Benton|P|113|83|72|214|Champion
43963|sugar-maple-acer-saccharum|Sugar Maple|Acer saccharum|Washington|?|114|106|55|228|Champion
43964|sugarberry-celtis-laevigata|Sugarberry|Celtis laevigata|Faulkner|P|209|80|94|313|Champion
43965|swamp-chestnut-oak-quercus-michauxii|Swamp Chestnut Oak|Quercus michauxii|White|U|250|100|93|373|Champion
43967|sweet-gum-liquidambar-styraciflua|Sweet Gum|Liquidambar styraciflua|Crawford|P|151|120|62|279|Champion
43969|sweetbay-magnolia-magnolia-virginiana|Sweetbay Magnolia|Magnolia virginiana|Calhoun|P|102|75|15|181|Champion
43970|toothache-tree-zanthoxylum-clava-herculis-l|Toothache Tree|Zanthoxylum clava-herculis L.|Jefferson|U|35|38|26|80|Champion
43971|umbrella-magnolia-magnolia-tripetala|Umbrella Magnolia|Magnolia tripetala|Newton|P|43|57|51|113|Champion
43972|water-hickory-carya-aquatica|Water Hickory|Carya aquatica|Arkansas|P|172|116|77|309|Champion
43974|water-oak-quercus-nigra-co-champion-independence-county|Water Oak|Quercus nigra|Independence|P|234|90|114|353|Tri-champion
43973|water-oak-quercus-nigra-co-champion-lee-county|Water Oak|Quercus nigra|Lee|P|250|86|98|361|Tri-champion
57311|water-oak-quercus-nigra-tri-champion-pulaski-county|Water oak|Quercus nigra|Pulaski|U|259|71|120|360|Tri-champion
43975|water-tupelo-nyssa-aquatica|Water Tupelo|Nyssa aquatica|White|U|425|127|94|576|Champion
43976|western-soapberry-sapindus-drummondii|Western Soapberry|Sapindus drummondii|Logan|P|91|47|44|149|Champion
43977|white-ash-fraxinus-americana|White Ash|Fraxinus americana|Prairie|P|222|89|90|334|Champion
43979|white-oak-quercus-alba-co-champion-clark-county|White Oak|Quercus alba|Clark|P|229|94|142|359|Co-champion
43978|white-oak-quercus-alba-co-champion-perry-county|White Oak|Quercus alba|Perry|P|240|93|113|361|Co-champion
43981|willow-oak-quercus-phellos|Willow Oak|Quercus phellos|Faulkner|U|268|104|104|398|Champion
43983|winged-elm-ulmus-alata|Winged Elm|Ulmus alata|Faulkner|P|82|58|55|154|Champion
43984|winged-sumac-rhus-copallinum|Winged Sumac|Rhus copallinum|Newton|P|13|45|12|61|Champion
43986|yellow-poplar-liriodendron-tulipifera|Yellow Poplar|Liriodendron tulipifera|Madison|P|242|122|114|393|Champion
43987|yellowwood-cladrastis-kentukea|Yellowwood|Cladrastis kentukea|Benton|O|110|55|49|177|Champion
